package,class_count
got.common.network,303
got.common.block.other,145
got.common.world.map,144
got.client.gui,130
got.client.render.other,85
got.client.model,82
got.common.item.other,82
got.common.block.slab,81
got.common.inventory,79
got.common.world.biome.essos,68
got.common.entity.westeros.legendary.captain,65
got.common.entity.ai,59
got.common.world.structure.essos.ghiscar,55
got.common.entity.animal,54
got.common.world.biome.westeros,52
got.common,51
got.common.world.structure.westeros.dorne,51
got.common.world.feature,50
got.common.world.structure.essos.braavos,50
got.common.world.structure.essos.lorath,50
got.common.world.structure.essos.lys,50
got.common.world.structure.essos.myr,50
got.common.world.structure.essos.norvos,50
got.common.world.structure.essos.pentos,50
got.common.world.structure.essos.qarth,50
got.common.world.structure.essos.qohor,50
got.common.world.structure.essos.tyrosh,50
got.common.world.structure.essos.volantis,50
got.common.world.structure.other,48
got.common.world.structure.essos.yi_ti,47
got.common.entity.other.inanimate,44
got.common.world.structure.westeros.north,43
got.common.world.structure.westeros.crownlands,42
got.common.world.structure.westeros.ironborn,42
got.common.entity.westeros.legendary.warrior,41
got.client.render.animal,40
got.common.world.structure.westeros.reach,40
got.common.world.structure.westeros.arryn,39
got.common.world.structure.westeros.dragonstone,39
got.common.world.structure.westeros.riverlands,39
got.common.world.structure.westeros.stormlands,39
got.common.world.structure.westeros.westerlands,39
got.common.item.weapon,38
got.common.world.structure.essos.ibben,36
got.common.block.table,34
got.common.world.structure.essos.lhazar,34
got.common.world.structure.sothoryos.summer,34
got.common.world.structure.westeros.common,34
got.common.quest,33
got.common.entity.other,32
got.common.world.structure.essos.common,32
got.common.command,29
got.common.database,28
got.common.util,25
got.coremod,25
got.common.entity.other.utils,24
got.common.tileentity,24
got.client.render.npc,23
got.common.entity.essos.ghiscar,23
got.common.entity.essos.yi_ti,23
got.common.enchant,22
got.common.world.genlayer,22
got.common.entity.essos.qarth,21
got.common.entity.essos.qohor,21
got.common.entity.westeros.arryn,21
got.common.entity.westeros.ironborn,21
got.common.entity.westeros.north,21
got.common.entity.westeros.reach,21
got.common.entity.westeros.westerlands,21
got.common.entity.essos.braavos,20
got.common.entity.essos.ibben,20
got.common.entity.essos.lhazar,20
got.common.entity.essos.lorath,20
got.common.entity.essos.lys,20
got.common.entity.essos.myr,20
got.common.entity.essos.norvos,20
got.common.entity.essos.pentos,20
got.common.entity.essos.tyrosh,20
got.common.entity.essos.volantis,20
got.common.entity.sothoryos.summer,20
got.common.entity.westeros.crownlands,20
got.common.entity.westeros.dorne,20
got.common.entity.westeros.dragonstone,20
got.common.entity.westeros.legendary.quest,20
got.common.entity.westeros.riverlands,20
got.common.entity.westeros.stormlands,20
got.common.world.biome.sothoryos,20
got.common.world.structure.westeros.gift,20
got.common.entity.westeros.legendary.reborn,19
got.client,18
got.common.fellowship,18
got.common.world.structure.essos.asshai,18
got.common.world.structure.essos.dothraki,18
got.common.world.structure.essos.jogos,18
got.common.faction,17
got.common.recipe,17
got.common.world.biome,17
got.common.world.structure.essos.mossovy,17
got.common.world.structure.sothoryos.sothoryos,17
got.client.effect,16
got.client.sound,16
got.common.dispense,15
got.common.entity.westeros.legendary.trader,15
got.common.world.spawning,15
got.common.block.wbeam,14
got.common.world.biome.ulthos,14
got.common.world.structure.westeros.wildling,14
got.common.block.brick,13
got.common.block.leaves,13
got.common.entity.other.iface,13
got.common.block.wood,12
got.common.block.sapling,11
got.common.block.wall,9
got.common.entity.sothoryos.sothoryos,9
got.common.entity.westeros.legendary.deco,9
got.common.world.structure.westeros.hillmen,9
got.common.entity.westeros.hillmen,8
got.common.world.structure,8
got.common.entity.essos.asshai,7
got.common.entity.westeros.wildling,7
got.common.entity.westeros.wildling.thenn,7
got.common.world,7
got.common.world.biome.variant,7
got,6
got.common.entity.westeros.north.hillmen,6
got.common.world.structure.essos.golden,6
got.common.block,5
got.common.block.planks,5
got.common.block.wslab,5
got.common.entity.essos.golden,5
got.common.entity.essos.legendary.captain,5
got.common.entity.essos.mossovy,5
got.common.entity.other.info,5
got.common.entity.dragon,4
got.common.entity.dragon.helper,4
got.common.entity.essos.dothraki,4
got.common.entity.essos.jogos,4
got.common.entity.essos.legendary.quest,4
got.common.entity.essos.legendary.trader,4
got.common.entity.essos.legendary.warrior,4
got.common.entity.westeros.gift,4
got.common.entity.westeros.ice,4
got.common.entity.westeros.legendary.mercenary,4
got.common.item,4
got.common.item.tool,4
got.common.world.biome.other,4
got.common.block.pillar,3
got.common.entity,3
got.common.entity.essos.legendary.mercenary,2
got.common.world.structure.westeros.north.hillmen,2
got.common.world.structure.westeros.wildling.thenn,2
got.client.render,1
got.common.entity.essos.legendary,1
got.common.entity.essos.legendary.boss,1
got.common.entity.westeros.legendary,1
