family_id,base_block,display_name,material,parts,base_texture,base_model,stairs_id,slab_id,wall_id,fence_id,fence_gate_id,door_id,trapdoor_id,beam_id,stairs_name,slab_name,wall_name,fence_name,fence_gate_name,door_name,trapdoor_name,beam_name,door_bottom_texture,door_top_texture,door_item_texture,trapdoor_texture,beam_side_texture,beam_end_texture
ibbinia,got:ibbinia_planks,Ibbinia,wood,stairs;slab;fence;fence_gate;door;trapdoor;beam,got:block/ibbinia_planks,got:block/ibbinia_planks,stairs_ibbinia,wood_slab_ibbinia,,fence_ibbinia,fence_gate_ibbinia,door_ibbinia,trapdoor_ibbinia,wood_beam_ibbinia,Ibbinia Wood Stairs,Ibbinia Wood Slab,,Ibbinia Fence,Ibbinia Fence Gate,Ibbinia Door,Ibbinia Trapdoor,Ibbinia Wood Beam,got:block/door_ibbinia_lower,got:block/door_ibbinia_upper,got:item/door_ibbinia,got:block/trapdoor_ibbinia,got:block/wood_beam1_ibbinia_side,got:block/wood_beam1_ibbinia_top
catalpa,got:catalpa_planks,Catalpa,wood,stairs;slab;fence;fence_gate;door;trapdoor;beam,got:block/catalpa_planks,got:block/catalpa_planks,stairs_catalpa,wood_slab_catalpa,,fence_catalpa,fence_gate_catalpa,door_catalpa,trapdoor_catalpa,wood_beam_catalpa,Catalpa Wood Stairs,Catalpa Wood Slab,,Catalpa Fence,Catalpa Fence Gate,Catalpa Door,Catalpa Trapdoor,Catalpa Wood Beam,got:block/door_catalpa_lower,got:block/door_catalpa_upper,got:item/door_catalpa,got:block/trapdoor_catalpa,got:block/wood_beam1_catalpa_side,got:block/wood_beam1_catalpa_top
ulthos,got:ulthos_planks,Black-oak,wood,stairs;slab;fence;fence_gate;door;trapdoor;beam,got:block/ulthos_planks,got:block/ulthos_planks,stairs_ulthos,wood_slab_ulthos,,fence_ulthos,fence_gate_ulthos,door_ulthos,trapdoor_ulthos,wood_beam_ulthos,Black-oak Wood Stairs,Black-oak Wood Slab,,Black-oak Fence,Black-oak Fence Gate,Black-oak Door,Black-oak Trapdoor,Black-oak Wood Beam,got:block/door_ulthos_lower,got:block/door_ulthos_upper,got:item/door_ulthos,got:block/trapdoor_ulthos,got:block/wood_beam1_ulthos_side,got:block/wood_beam1_ulthos_top
charred,got:charred_planks,Charred,wood,stairs;slab;fence;fence_gate;door;trapdoor;beam,got:block/charred_planks,got:block/charred_planks,stairs_charred,wood_slab_charred,,fence_charred,fence_gate_charred,door_charred,trapdoor_charred,wood_beam_charred,Charred Wood Stairs,Charred Wood Slab,,Charred Fence,Charred Fence Gate,Charred Door,Charred Trapdoor,Charred Wood Beam,got:block/door_charred_lower,got:block/door_charred_upper,got:item/door_charred,got:block/trapdoor_charred,got:block/wood_beam1_charred_side,got:block/wood_beam1_charred_top
apple,got:apple_planks,Apple,wood,stairs;slab;fence;fence_gate;door;trapdoor;beam,got:block/apple_planks,got:block/apple_planks,stairs_apple,wood_slab_apple,,fence_apple,fence_gate_apple,door_apple,trapdoor_apple,wood_beam_apple,Apple Wood Stairs,Apple Wood Slab,,Apple Fence,Apple Fence Gate,Apple Door,Apple Trapdoor,Apple Wood Beam,got:block/door_apple_lower,got:block/door_apple_upper,got:item/door_apple,got:block/trapdoor_apple,got:block/wood_beam_fruit_apple_side,got:block/wood_beam_fruit_apple_top
pear,got:pear_planks,Pear,wood,stairs;slab;fence;fence_gate;door;trapdoor;beam,got:block/pear_planks,got:block/pear_planks,stairs_pear,wood_slab_pear,,fence_pear,fence_gate_pear,door_pear,trapdoor_pear,wood_beam_pear,Pear Wood Stairs,Pear Wood Slab,,Pear Fence,Pear Fence Gate,Pear Door,Pear Trapdoor,Pear Wood Beam,got:block/door_pear_lower,got:block/door_pear_upper,got:item/door_pear,got:block/trapdoor_pear,got:block/wood_beam_fruit_pear_side,got:block/wood_beam_fruit_pear_top
cherry,got:cherry_planks,Cherry,wood,stairs;slab;fence;fence_gate;door;trapdoor;beam,got:block/cherry_planks,got:block/cherry_planks,stairs_cherry,wood_slab_cherry,,fence_cherry,fence_gate_cherry,door_cherry,trapdoor_cherry,wood_beam_cherry,Cherry Wood Stairs,Cherry Wood Slab,,Cherry Fence,Cherry Fence Gate,Cherry Door,Cherry Trapdoor,Cherry Wood Beam,got:block/door_cherry_lower,got:block/door_cherry_upper,got:item/door_cherry,got:block/trapdoor_cherry,got:block/wood_beam_fruit_cherry_side,got:block/wood_beam_fruit_cherry_top
mango,got:mango_planks,Mango,wood,stairs;slab;fence;fence_gate;door;trapdoor;beam,got:block/mango_planks,got:block/mango_planks,stairs_mango,wood_slab_mango,,fence_mango,fence_gate_mango,door_mango,trapdoor_mango,wood_beam_mango,Mango Wood Stairs,Mango Wood Slab,,Mango Fence,Mango Fence Gate,Mango Door,Mango Trapdoor,Mango Wood Beam,got:block/door_mango_lower,got:block/door_mango_upper,got:item/door_mango,got:block/trapdoor_mango,got:block/wood_beam_fruit_mango_side,got:block/wood_beam_fruit_mango_top
aramant,got:aramant_planks,Aramant,wood,stairs;slab;fence;fence_gate;door;trapdoor;beam,got:block/aramant_planks,got:block/aramant_planks,stairs_aramant,wood_slab_aramant,,fence_aramant,fence_gate_aramant,door_aramant,trapdoor_aramant,wood_beam_aramant,Aramant Wood Stairs,Aramant Wood Slab,,Aramant Fence,Aramant Fence Gate,Aramant Door,Aramant Trapdoor,Aramant Wood Beam,got:block/door_aramant_lower,got:block/door_aramant_upper,got:item/door_aramant,got:block/trapdoor_aramant,got:block/wood_beam2_aramant_side,got:block/wood_beam2_aramant_top
beech,got:beech_planks,Beech,wood,stairs;slab;fence;fence_gate;door;trapdoor;beam,got:block/beech_planks,got:block/beech_planks,stairs_beech,wood_slab_beech,,fence_beech,fence_gate_beech,door_beech,trapdoor_beech,wood_beam_beech,Beech Wood Stairs,Beech Wood Slab,,Beech Fence,Beech Fence Gate,Beech Door,Beech Trapdoor,Beech Wood Beam,got:block/door_beech_lower,got:block/door_beech_upper,got:item/door_beech,got:block/trapdoor_beech,got:block/wood_beam2_beech_side,got:block/wood_beam2_beech_top
holly,got:holly_planks,Holly,wood,stairs;slab;fence;fence_gate;door;trapdoor;beam,got:block/holly_planks,got:block/holly_planks,stairs_holly,wood_slab_holly,,fence_holly,fence_gate_holly,door_holly,trapdoor_holly,wood_beam_holly,Holly Wood Stairs,Holly Wood Slab,,Holly Fence,Holly Fence Gate,Holly Door,Holly Trapdoor,Holly Wood Beam,got:block/door_holly_lower,got:block/door_holly_upper,got:item/door_holly,got:block/trapdoor_holly,got:block/wood_beam2_holly_side,got:block/wood_beam2_holly_top
banana,got:banana_planks,Banana,wood,stairs;slab;fence;fence_gate;door;trapdoor;beam,got:block/banana_planks,got:block/banana_planks,stairs_banana,wood_slab_banana,,fence_banana,fence_gate_banana,door_banana,trapdoor_banana,wood_beam_banana,Banana Wood Stairs,Banana Wood Slab,,Banana Fence,Banana Fence Gate,Banana Door,Banana Trapdoor,Banana Wood Beam,got:block/door_banana_lower,got:block/door_banana_upper,got:item/door_banana,got:block/trapdoor_banana,got:block/wood_beam2_banana_side,got:block/wood_beam2_banana_top
maple,got:maple_planks,Maple,wood,stairs;slab;fence;fence_gate;door;trapdoor;beam,got:block/maple_planks,got:block/maple_planks,stairs_maple,wood_slab_maple,,fence_maple,fence_gate_maple,door_maple,trapdoor_maple,wood_beam_maple,Maple Wood Stairs,Maple Wood Slab,,Maple Fence,Maple Fence Gate,Maple Door,Maple Trapdoor,Maple Wood Beam,got:block/door_maple_lower,got:block/door_maple_upper,got:item/door_maple,got:block/trapdoor_maple,got:block/wood_beam3_maple_side,got:block/wood_beam3_maple_top
larch,got:larch_planks,Larch,wood,stairs;slab;fence;fence_gate;door;trapdoor;beam,got:block/larch_planks,got:block/larch_planks,stairs_larch,wood_slab_larch,,fence_larch,fence_gate_larch,door_larch,trapdoor_larch,wood_beam_larch,Larch Wood Stairs,Larch Wood Slab,,Larch Fence,Larch Fence Gate,Larch Door,Larch Trapdoor,Larch Wood Beam,got:block/door_larch_lower,got:block/door_larch_upper,got:item/door_larch,got:block/trapdoor_larch,got:block/wood_beam3_larch_side,got:block/wood_beam3_larch_top
date_palm,got:date_palm_planks,Date Palm,wood,stairs;slab;fence;fence_gate;door;trapdoor;beam,got:block/date_palm_planks,got:block/date_palm_planks,stairs_date_palm,wood_slab_date_palm,,fence_date_palm,fence_gate_date_palm,door_date_palm,trapdoor_date_palm,wood_beam_date_palm,Date Palm Wood Stairs,Date Palm Wood Slab,,Date Palm Fence,Date Palm Fence Gate,Date Palm Door,Date Palm Trapdoor,Date Palm Wood Beam,got:block/door_date_palm_lower,got:block/door_date_palm_upper,got:item/door_date_palm,got:block/trapdoor_date_palm,got:block/wood_beam3_date_palm_side,got:block/wood_beam3_date_palm_top
mangrove,got:mangrove_planks,Mangrove,wood,stairs;slab;fence;fence_gate;door;trapdoor;beam,got:block/mangrove_planks,got:block/mangrove_planks,stairs_mangrove,wood_slab_mangrove,,fence_mangrove,fence_gate_mangrove,door_mangrove,trapdoor_mangrove,wood_beam_mangrove,Mangrove Wood Stairs,Mangrove Wood Slab,,Mangrove Fence,Mangrove Fence Gate,Mangrove Door,Mangrove Trapdoor,Mangrove Wood Beam,got:block/door_mangrove_lower,got:block/door_mangrove_upper,got:item/door_mangrove,got:block/trapdoor_mangrove,got:block/wood_beam3_mangrove_side,got:block/wood_beam3_mangrove_top
chestnut,got:chestnut_planks,Chestnut,wood,stairs;slab;fence;fence_gate;door;trapdoor;beam,got:block/chestnut_planks,got:block/chestnut_planks,stairs_chestnut,wood_slab_chestnut,,fence_chestnut,fence_gate_chestnut,door_chestnut,trapdoor_chestnut,wood_beam_chestnut,Chestnut Wood Stairs,Chestnut Wood Slab,,Chestnut Fence,Chestnut Fence Gate,Chestnut Door,Chestnut Trapdoor,Chestnut Wood Beam,got:block/door_chestnut_lower,got:block/door_chestnut_upper,got:item/door_chestnut,got:block/trapdoor_chestnut,got:block/wood_beam4_chestnut_side,got:block/wood_beam4_chestnut_top
baobab,got:baobab_planks,Baobab,wood,stairs;slab;fence;fence_gate;door;trapdoor;beam,got:block/baobab_planks,got:block/baobab_planks,stairs_baobab,wood_slab_baobab,,fence_baobab,fence_gate_baobab,door_baobab,trapdoor_baobab,wood_beam_baobab,Baobab Wood Stairs,Baobab Wood Slab,,Baobab Fence,Baobab Fence Gate,Baobab Door,Baobab Trapdoor,Baobab Wood Beam,got:block/door_baobab_lower,got:block/door_baobab_upper,got:item/door_baobab,got:block/trapdoor_baobab,got:block/wood_beam4_baobab_side,got:block/wood_beam4_baobab_top
cedar,got:cedar_planks,Cedar,wood,stairs;slab;fence;fence_gate;door;trapdoor;beam,got:block/cedar_planks,got:block/cedar_planks,stairs_cedar,wood_slab_cedar,,fence_cedar,fence_gate_cedar,door_cedar,trapdoor_cedar,wood_beam_cedar,Cedar Wood Stairs,Cedar Wood Slab,,Cedar Fence,Cedar Fence Gate,Cedar Door,Cedar Trapdoor,Cedar Wood Beam,got:block/door_cedar_lower,got:block/door_cedar_upper,got:item/door_cedar,got:block/trapdoor_cedar,got:block/wood_beam4_cedar_side,got:block/wood_beam4_cedar_top
fir,got:fir_planks,Fir,wood,stairs;slab;fence;fence_gate;door;trapdoor;beam,got:block/fir_planks,got:block/fir_planks,stairs_fir,wood_slab_fir,,fence_fir,fence_gate_fir,door_fir,trapdoor_fir,wood_beam_fir,Fir Wood Stairs,Fir Wood Slab,,Fir Fence,Fir Fence Gate,Fir Door,Fir Trapdoor,Fir Wood Beam,got:block/door_fir_lower,got:block/door_fir_upper,got:item/door_fir,got:block/trapdoor_fir,got:block/wood_beam4_fir_side,got:block/wood_beam4_fir_top
pine,got:pine_planks,Pine,wood,stairs;slab;fence;fence_gate;door;trapdoor;beam,got:block/pine_planks,got:block/pine_planks,stairs_pine,wood_slab_pine,,fence_pine,fence_gate_pine,door_pine,trapdoor_pine,wood_beam_pine,Pine Wood Stairs,Pine Wood Slab,,Pine Fence,Pine Fence Gate,Pine Door,Pine Trapdoor,Pine Wood Beam,got:block/door_pine_lower,got:block/door_pine_upper,got:item/door_pine,got:block/trapdoor_pine,got:block/wood_beam5_pine_side,got:block/wood_beam5_pine_top
lemon,got:lemon_planks,Lemon,wood,stairs;slab;fence;fence_gate;door;trapdoor;beam,got:block/lemon_planks,got:block/lemon_planks,stairs_lemon,wood_slab_lemon,,fence_lemon,fence_gate_lemon,door_lemon,trapdoor_lemon,wood_beam_lemon,Lemon Wood Stairs,Lemon Wood Slab,,Lemon Fence,Lemon Fence Gate,Lemon Door,Lemon Trapdoor,Lemon Wood Beam,got:block/door_lemon_lower,got:block/door_lemon_upper,got:item/door_lemon,got:block/trapdoor_lemon,got:block/wood_beam5_lemon_side,got:block/wood_beam5_lemon_top
orange,got:orange_planks,Orange,wood,stairs;slab;fence;fence_gate;door;trapdoor;beam,got:block/orange_planks,got:block/orange_planks,stairs_orange,wood_slab_orange,,fence_orange,fence_gate_orange,door_orange,trapdoor_orange,wood_beam_orange,Orange Wood Stairs,Orange Wood Slab,,Orange Fence,Orange Fence Gate,Orange Door,Orange Trapdoor,Orange Wood Beam,got:block/door_orange_lower,got:block/door_orange_upper,got:item/door_orange,got:block/trapdoor_orange,got:block/wood_beam5_orange_side,got:block/wood_beam5_orange_top
lime,got:lime_planks,Lime,wood,stairs;slab;fence;fence_gate;door;trapdoor;beam,got:block/lime_planks,got:block/lime_planks,stairs_lime,wood_slab_lime,,fence_lime,fence_gate_lime,door_lime,trapdoor_lime,wood_beam_lime,Lime Wood Stairs,Lime Wood Slab,,Lime Fence,Lime Fence Gate,Lime Door,Lime Trapdoor,Lime Wood Beam,got:block/door_lime_lower,got:block/door_lime_upper,got:item/door_lime,got:block/trapdoor_lime,got:block/wood_beam5_lime_side,got:block/wood_beam5_lime_top
mahogany,got:mahogany_planks,Mahogany,wood,stairs;slab;fence;fence_gate;door;trapdoor;beam,got:block/mahogany_planks,got:block/mahogany_planks,stairs_mahogany,wood_slab_mahogany,,fence_mahogany,fence_gate_mahogany,door_mahogany,trapdoor_mahogany,wood_beam_mahogany,Mahogany Wood Stairs,Mahogany Wood Slab,,Mahogany Fence,Mahogany Fence Gate,Mahogany Door,Mahogany Trapdoor,Mahogany Wood Beam,got:block/door_mahogany_lower,got:block/door_mahogany_upper,got:item/door_mahogany,got:block/trapdoor_mahogany,got:block/wood_beam6_mahogany_side,got:block/wood_beam6_mahogany_top
willow,got:willow_planks,Willow,wood,stairs;slab;fence;fence_gate;door;trapdoor;beam,got:block/willow_planks,got:block/willow_planks,stairs_willow,wood_slab_willow,,fence_willow,fence_gate_willow,door_willow,trapdoor_willow,wood_beam_willow,Willow Wood Stairs,Willow Wood Slab,,Willow Fence,Willow Fence Gate,Willow Door,Willow Trapdoor,Willow Wood Beam,got:block/door_willow_lower,got:block/door_willow_upper,got:item/door_willow,got:block/trapdoor_willow,got:block/wood_beam6_willow_side,got:block/wood_beam6_willow_top
cypress,got:cypress_planks,Cypress,wood,stairs;slab;fence;fence_gate;door;trapdoor;beam,got:block/cypress_planks,got:block/cypress_planks,stairs_cypress,wood_slab_cypress,,fence_cypress,fence_gate_cypress,door_cypress,trapdoor_cypress,wood_beam_cypress,Cypress Wood Stairs,Cypress Wood Slab,,Cypress Fence,Cypress Fence Gate,Cypress Door,Cypress Trapdoor,Cypress Wood Beam,got:block/door_cypress_lower,got:block/door_cypress_upper,got:item/door_cypress,got:block/trapdoor_cypress,got:block/wood_beam6_cypress_side,got:block/wood_beam6_cypress_top
olive,got:olive_planks,Olive,wood,stairs;slab;fence;fence_gate;door;trapdoor;beam,got:block/olive_planks,got:block/olive_planks,stairs_olive,wood_slab_olive,,fence_olive,fence_gate_olive,door_olive,trapdoor_olive,wood_beam_olive,Olive Wood Stairs,Olive Wood Slab,,Olive Fence,Olive Fence Gate,Olive Door,Olive Trapdoor,Olive Wood Beam,got:block/door_olive_lower,got:block/door_olive_upper,got:item/door_olive,got:block/trapdoor_olive,got:block/wood_beam6_olive_side,got:block/wood_beam6_olive_top
aspen,got:aspen_planks,Aspen,wood,stairs;slab;fence;fence_gate;door;trapdoor;beam,got:block/aspen_planks,got:block/aspen_planks,stairs_aspen,wood_slab_aspen,,fence_aspen,fence_gate_aspen,door_aspen,trapdoor_aspen,wood_beam_aspen,Aspen Wood Stairs,Aspen Wood Slab,,Aspen Fence,Aspen Fence Gate,Aspen Door,Aspen Trapdoor,Aspen Wood Beam,got:block/door_aspen_lower,got:block/door_aspen_upper,got:item/door_aspen,got:block/trapdoor_aspen,got:block/wood_beam7_aspen_side,got:block/wood_beam7_aspen_top
green_oak,got:green_oak_planks,Green-oak,wood,stairs;slab;fence;fence_gate;door;trapdoor;beam,got:block/green_oak_planks,got:block/green_oak_planks,stairs_green_oak,wood_slab_green_oak,,fence_green_oak,fence_gate_green_oak,door_green_oak,trapdoor_green_oak,wood_beam_green_oak,Green-oak Wood Stairs,Green-oak Wood Slab,,Green-oak Fence,Green-oak Fence Gate,Green-oak Door,Green-oak Trapdoor,Green-oak Wood Beam,got:block/door_green_oak_lower,got:block/door_green_oak_upper,got:item/door_green_oak,got:block/trapdoor_green_oak,got:block/wood_beam7_green_oak_side,got:block/wood_beam7_green_oak_top
fotinia,got:fotinia_planks,Fotinia,wood,stairs;slab;fence;fence_gate;door;trapdoor;beam,got:block/fotinia_planks,got:block/fotinia_planks,stairs_fotinia,wood_slab_fotinia,,fence_fotinia,fence_gate_fotinia,door_fotinia,trapdoor_fotinia,wood_beam_fotinia,Fotinia Wood Stairs,Fotinia Wood Slab,,Fotinia Fence,Fotinia Fence Gate,Fotinia Door,Fotinia Trapdoor,Fotinia Wood Beam,got:block/door_fotinia_lower,got:block/door_fotinia_upper,got:item/door_fotinia,got:block/trapdoor_fotinia,got:block/wood_beam7_fotinia_side,got:block/wood_beam7_fotinia_top
almond,got:almond_planks,Almond,wood,stairs;slab;fence;fence_gate;door;trapdoor;beam,got:block/almond_planks,got:block/almond_planks,stairs_almond,wood_slab_almond,,fence_almond,fence_gate_almond,door_almond,trapdoor_almond,wood_beam_almond,Almond Wood Stairs,Almond Wood Slab,,Almond Fence,Almond Fence Gate,Almond Door,Almond Trapdoor,Almond Wood Beam,got:block/door_almond_lower,got:block/door_almond_upper,got:item/door_almond,got:block/trapdoor_almond,got:block/wood_beam7_almond_side,got:block/wood_beam7_almond_top
plum,got:plum_planks,Plum,wood,stairs;slab;fence;fence_gate;door;trapdoor;beam,got:block/plum_planks,got:block/plum_planks,stairs_plum,wood_slab_plum,,fence_plum,fence_gate_plum,door_plum,trapdoor_plum,wood_beam_plum,Plum Wood Stairs,Plum Wood Slab,,Plum Fence,Plum Fence Gate,Plum Door,Plum Trapdoor,Plum Wood Beam,got:block/door_plum_lower,got:block/door_plum_upper,got:item/door_plum,got:block/trapdoor_plum,got:block/wood_beam8_plum_side,got:block/wood_beam8_plum_top
redwood,got:redwood_planks,Ironwood,wood,stairs;slab;fence;fence_gate;door;trapdoor;beam,got:block/redwood_planks,got:block/redwood_planks,stairs_redwood,wood_slab_redwood,,fence_redwood,fence_gate_redwood,door_redwood,trapdoor_redwood,wood_beam_redwood,Ironwood Wood Stairs,Ironwood Wood Slab,,Ironwood Fence,Ironwood Fence Gate,Ironwood Door,Ironwood Trapdoor,Ironwood Wood Beam,got:block/door_redwood_lower,got:block/door_redwood_upper,got:item/door_redwood,got:block/trapdoor_redwood,got:block/wood_beam8_redwood_side,got:block/wood_beam8_redwood_top
pomegranate,got:pomegranate_planks,Pomegranate,wood,stairs;slab;fence;fence_gate;door;trapdoor;beam,got:block/pomegranate_planks,got:block/pomegranate_planks,stairs_pomegranate,wood_slab_pomegranate,,fence_pomegranate,fence_gate_pomegranate,door_pomegranate,trapdoor_pomegranate,wood_beam_pomegranate,Pomegranate Wood Stairs,Pomegranate Wood Slab,,Pomegranate Fence,Pomegranate Fence Gate,Pomegranate Door,Pomegranate Trapdoor,Pomegranate Wood Beam,got:block/door_pomegranate_lower,got:block/door_pomegranate_upper,got:item/door_pomegranate,got:block/trapdoor_pomegranate,got:block/wood_beam8_pomegranate_side,got:block/wood_beam8_pomegranate_top
palm,got:palm_planks,Palm,wood,stairs;slab;fence;fence_gate;door;trapdoor;beam,got:block/palm_planks,got:block/palm_planks,stairs_palm,wood_slab_palm,,fence_palm,fence_gate_palm,door_palm,trapdoor_palm,wood_beam_palm,Palm Wood Stairs,Palm Wood Slab,,Palm Fence,Palm Fence Gate,Palm Door,Palm Trapdoor,Palm Wood Beam,got:block/door_palm_lower,got:block/door_palm_upper,got:item/door_palm,got:block/trapdoor_palm,got:block/wood_beam8_palm_side,got:block/wood_beam8_palm_top
dragon,got:dragon_planks,Dragonblood,wood,stairs;slab;fence;fence_gate;door;trapdoor;beam,got:block/dragon_planks,got:block/dragon_planks,stairs_dragon,wood_slab_dragon,,fence_dragon,fence_gate_dragon,door_dragon,trapdoor_dragon,wood_beam_dragon,Dragonblood Wood Stairs,Dragonblood Wood Slab,,Dragonblood Fence,Dragonblood Fence Gate,Dragonblood Door,Dragonblood Trapdoor,Dragonblood Wood Beam,got:block/door_dragon_lower,got:block/door_dragon_upper,got:item/door_dragon,got:block/trapdoor_dragon,got:block/wood_beam9_dragon_side,got:block/wood_beam9_dragon_top
kanuka,got:kanuka_planks,Kanuka,wood,stairs;slab;fence;fence_gate;door;trapdoor;beam,got:block/kanuka_planks,got:block/kanuka_planks,stairs_kanuka,wood_slab_kanuka,,fence_kanuka,fence_gate_kanuka,door_kanuka,trapdoor_kanuka,wood_beam_kanuka,Kanuka Wood Stairs,Kanuka Wood Slab,,Kanuka Fence,Kanuka Fence Gate,Kanuka Door,Kanuka Trapdoor,Kanuka Wood Beam,got:block/door_kanuka_lower,got:block/door_kanuka_upper,got:item/door_kanuka,got:block/trapdoor_kanuka,got:block/wood_beam9_kanuka_side,got:block/wood_beam9_kanuka_top
weirwood,got:weirwood_planks,Weirwood,wood,stairs;slab;fence;fence_gate;door;trapdoor;beam,got:block/weirwood_planks,got:block/weirwood_planks,stairs_weirwood,wood_slab_weirwood,,fence_weirwood,fence_gate_weirwood,door_weirwood,trapdoor_weirwood,wood_beam_weirwood,Weirwood Stairs,Weirwood Slab,,Weirwood Fence,Weirwood Fence Gate,Weirwood Door,Weirwood Trapdoor,Weirwood Beam,got:block/door_weirwood_lower,got:block/door_weirwood_upper,got:item/door_weirwood,got:block/trapdoor_weirwood,got:block/wood_beam9_weirwood_side,got:block/wood_beam9_weirwood_top
rotten,got:rotten_planks,Rotten,wood,stairs;slab;fence;fence_gate;door;trapdoor;beam,got:block/rotten_planks,got:block/rotten_planks,stairs_rotten,wood_slab_rotten,,fence_rotten,fence_gate_rotten,door_rotten,trapdoor_rotten,wood_beam_rotten,Rotten Wood Stairs,Rotten Wood Slab,,Rotten Fence,Rotten Fence Gate,Rotten Door,Rotten Trapdoor,Rotten Wood Beam,got:block/door_rotten_lower,got:block/door_rotten_upper,got:item/door_rotten,got:block/trapdoor_rotten,got:block/wood_beam_rotten_rotten_side,got:block/wood_beam_rotten_rotten_top
vanilla_oak,minecraft:oak_planks,Oak,wood,beam,minecraft:block/oak_planks,minecraft:block/oak_planks,,,,,,,,wood_beam_oak,,,,,,,,Oak Wood Beam,,,,,got:block/wood_beam_v1_oak_side,got:block/wood_beam_v1_oak_top
vanilla_spruce,minecraft:spruce_planks,Spruce,wood,beam,minecraft:block/spruce_planks,minecraft:block/spruce_planks,,,,,,,,wood_beam_spruce,,,,,,,,Spruce Wood Beam,,,,,got:block/wood_beam_v1_spruce_side,got:block/wood_beam_v1_spruce_top
vanilla_birch,minecraft:birch_planks,Birch,wood,beam,minecraft:block/birch_planks,minecraft:block/birch_planks,,,,,,,,wood_beam_birch,,,,,,,,Birch Wood Beam,,,,,got:block/wood_beam_v1_birch_side,got:block/wood_beam_v1_birch_top
vanilla_jungle,minecraft:jungle_planks,Jungle,wood,beam,minecraft:block/jungle_planks,minecraft:block/jungle_planks,,,,,,,,wood_beam_jungle,,,,,,,,Jungle Wood Beam,,,,,got:block/wood_beam_v1_jungle_side,got:block/wood_beam_v1_jungle_top
vanilla_acacia,minecraft:acacia_planks,Acacia,wood,beam,minecraft:block/acacia_planks,minecraft:block/acacia_planks,,,,,,,,wood_beam_acacia,,,,,,,,Acacia Wood Beam,,,,,got:block/wood_beam_v2_acacia_side,got:block/wood_beam_v2_acacia_top
vanilla_dark_oak,minecraft:dark_oak_planks,Dark Oak,wood,beam,minecraft:block/dark_oak_planks,minecraft:block/dark_oak_planks,,,,,,,,wood_beam_dark_oak,,,,,,,,Dark Oak Wood Beam,,,,,got:block/wood_beam_v2_dark_oak_side,got:block/wood_beam_v2_dark_oak_top
andesite_brick,got:andesite_bricks,Andesite Brick,masonry,stairs;slab;wall,got:block/andesite_bricks,got:block/andesite_bricks,stairs_andesite_brick,andesite_brick_slab,andesite_brick_wall,,,,,,Andesite Brick Stairs,Andesite Brick Slab,Andesite Brick Wall,,,,,,,,,,,
cracked_andesite_brick,got:cracked_andesite_bricks,Cracked Andesite Brick,masonry,stairs;slab;wall,got:block/cracked_andesite_bricks,got:block/cracked_andesite_bricks,stairs_andesite_brick_cracked,cracked_andesite_brick_slab,cracked_andesite_brick_wall,,,,,,Cracked Andesite Brick Stairs,Cracked Andesite Brick Slab,Cracked Andesite Brick Wall,,,,,,,,,,,
mossy_andesite_brick,got:mossy_andesite_bricks,Mossy Andesite Brick,masonry,stairs;slab;wall,got:block/mossy_andesite_bricks,got:block/mossy_andesite_bricks,stairs_andesite_brick_mossy,mossy_andesite_brick_slab,mossy_andesite_brick_wall,,,,,,Mossy Andesite Brick Stairs,Mossy Andesite Brick Slab,Mossy Andesite Brick Wall,,,,,,,,,,,
basalt_brick,got:basalt_westeros_bricks,Basalt Brick,masonry,stairs;slab;wall,got:block/basalt_westeros_bricks,got:block/basalt_westeros_bricks,stairs_basalt_brick,basalt_brick_slab,basalt_brick_wall,,,,,,Basalt Brick Stairs,Basalt Brick Slab,Basalt Brick Wall,,,,,,,,,,,
asshai_basalt_brick,got:basalt_bricks,Asshai Basalt Brick,masonry,stairs;slab;wall,got:block/basalt_bricks,got:block/basalt_bricks,stairs_basalt_brick_asshai,asshai_basalt_brick_slab,asshai_basalt_brick_wall,,,,,,Asshai Basalt Brick Stairs,Asshai Basalt Brick Slab,Asshai Basalt Brick Wall,,,,,,,,,,,
asshai_cracked_basalt_brick,got:cracked_basalt_bricks,Asshai Cracked Basalt Brick,masonry,stairs;slab;wall,got:block/cracked_basalt_bricks,got:block/cracked_basalt_bricks,stairs_basalt_brick_asshai_cracked,asshai_cracked_basalt_brick_slab,asshai_cracked_basalt_brick_wall,,,,,,Asshai Cracked Basalt Brick Stairs,Asshai Cracked Basalt Brick Slab,Asshai Cracked Basalt Brick Wall,,,,,,,,,,,
diorite_brick,got:diorite_bricks,Diorite Brick,masonry,stairs;slab;wall,got:block/diorite_bricks,got:block/diorite_bricks,stairs_diorite_brick,diorite_brick_slab,diorite_brick_wall,,,,,,Diorite Brick Stairs,Diorite Brick Slab,Diorite Brick Wall,,,,,,,,,,,
granite_brick,got:granite_bricks,Granite Brick,masonry,stairs;slab;wall,got:block/granite_bricks,got:block/granite_bricks,stairs_granite_brick,granite_brick_slab,granite_brick_wall,,,,,,Granite Brick Stairs,Granite Brick Slab,Granite Brick Wall,,,,,,,,,,,
labradorite_brick,got:labradorite_bricks,Labradorite Brick,masonry,stairs;slab;wall,got:block/labradorite_bricks,got:block/labradorite_bricks,stairs_labradorite_brick,labradorite_brick_slab,labradorite_brick_wall,,,,,,Labradorite Brick Stairs,Labradorite Brick Slab,Labradorite Brick Wall,,,,,,,,,,,
cracked_labradorite_brick,got:cracked_labradorite_bricks,Cracked Labradorite Brick,masonry,stairs;slab;wall,got:block/cracked_labradorite_bricks,got:block/cracked_labradorite_bricks,stairs_labradorite_brick_cracked,cracked_labradorite_brick_slab,cracked_labradorite_brick_wall,,,,,,Cracked Labradorite Brick Stairs,Cracked Labradorite Brick Slab,Cracked Labradorite Brick Wall,,,,,,,,,,,
mossy_labradorite_brick,got:mossy_labradorite_bricks,Mossy Labradorite Brick,masonry,stairs;slab;wall,got:block/mossy_labradorite_bricks,got:block/mossy_labradorite_bricks,stairs_labradorite_brick_mossy,mossy_labradorite_brick_slab,mossy_labradorite_brick_wall,,,,,,Mossy Labradorite Brick Stairs,Mossy Labradorite Brick Slab,Mossy Labradorite Brick Wall,,,,,,,,,,,
marble_brick,got:chalk_bricks,Marble Brick,masonry,stairs;slab;wall,got:block/chalk_bricks,got:block/chalk_bricks,stairs_chalk_brick,marble_brick_slab,marble_brick_wall,,,,,,Marble Brick Stairs,Marble Brick Slab,Marble Brick Wall,,,,,,,,,,,
mud_brick,got:mud_bricks,Mud Brick,masonry,stairs;slab;wall,got:block/mud_bricks,got:block/mud_bricks,stairs_mud_brick,mud_brick_slab,mud_brick_wall,,,,,,Mud Brick Stairs,Mud Brick Slab,Mud Brick Wall,,,,,,,,,,,
rhyolite_brick,got:rhyolite_bricks,Rhyolite Brick,masonry,stairs;slab;wall,got:block/rhyolite_bricks,got:block/rhyolite_bricks,stairs_rhyolite_brick,rhyolite_brick_slab,rhyolite_brick_wall,,,,,,Rhyolite Brick Stairs,Rhyolite Brick Slab,Rhyolite Brick Wall,,,,,,,,,,,
sandstone_brick,got:sandstone_bricks,Sandstone Brick,masonry,stairs;slab;wall,got:block/sandstone_bricks,got:block/sandstone_bricks,stairs_sandstone_brick,sandstone_brick_slab,sandstone_brick_wall,,,,,,Sandstone Brick Stairs,Sandstone Brick Slab,Sandstone Brick Wall,,,,,,,,,,,
cracked_sandstone_brick,got:cracked_sandstone_bricks,Cracked Sandstone Brick,masonry,stairs;slab;wall,got:block/cracked_sandstone_bricks,got:block/cracked_sandstone_bricks,stairs_sandstone_brick_cracked,cracked_sandstone_brick_slab,cracked_sandstone_brick_wall,,,,,,Cracked Sandstone Brick Stairs,Cracked Sandstone Brick Slab,Cracked Sandstone Brick Wall,,,,,,,,,,,
red_sandstone_brick,got:sandstone_red_bricks,Red Sandstone Brick,masonry,stairs;slab;wall,got:block/sandstone_red_bricks,got:block/sandstone_red_bricks,stairs_sandstone_brick_red,red_sandstone_brick_slab,red_sandstone_brick_wall,,,,,,Red Sandstone Brick Stairs,Red Sandstone Brick Slab,Red Sandstone Brick Wall,,,,,,,,,,,
cracked_red_sandstone_brick,got:cracked_sandstone_red_bricks,Cracked Red Sandstone Brick,masonry,stairs;slab;wall,got:block/cracked_sandstone_red_bricks,got:block/cracked_sandstone_red_bricks,stairs_sandstone_brick_red_cracked,cracked_red_sandstone_brick_slab,cracked_red_sandstone_brick_wall,,,,,,Cracked Red Sandstone Brick Stairs,Cracked Red Sandstone Brick Slab,Cracked Red Sandstone Brick Wall,,,,,,,,,,,
sothoryos_brick,got:sothoryos_bricks,Sothoryos Brick,masonry,stairs;slab;wall,got:block/sothoryos_bricks,got:block/sothoryos_bricks,stairs_sothoryos_brick,sothoryos_brick_slab,sothoryos_brick_wall,,,,,,Sothoryos Brick Stairs,Sothoryos Brick Slab,Sothoryos Brick Wall,,,,,,,,,,,
cracked_sothoryos_brick,got:cracked_sothoryos_bricks,Cracked Sothoryos Brick,masonry,stairs;slab;wall,got:block/cracked_sothoryos_bricks,got:block/cracked_sothoryos_bricks,stairs_sothoryos_brick_cracked,cracked_sothoryos_brick_slab,cracked_sothoryos_brick_wall,,,,,,Cracked Sothoryos Brick Stairs,Cracked Sothoryos Brick Slab,Cracked Sothoryos Brick Wall,,,,,,,,,,,
sothoryos_gold_brick,got:sothoryos_gold_bricks,Golden Sothoryos Brick,masonry,stairs;slab;wall,got:block/sothoryos_gold_bricks,got:block/sothoryos_gold_bricks,stairs_sothoryos_brick_gold,sothoryos_gold_brick_slab,sothoryos_gold_brick_wall,,,,,,Golden Sothoryos Brick Stairs,Golden Sothoryos Brick Slab,Golden Sothoryos Brick Wall,,,,,,,,,,,
mossy_sothoryos_brick,got:mossy_sothoryos_bricks,Mossy Sothoryos Brick,masonry,stairs;slab;wall,got:block/mossy_sothoryos_bricks,got:block/mossy_sothoryos_bricks,stairs_sothoryos_brick_mossy,mossy_sothoryos_brick_slab,mossy_sothoryos_brick_wall,,,,,,Mossy Sothoryos Brick Stairs,Mossy Sothoryos Brick Slab,Mossy Sothoryos Brick Wall,,,,,,,,,,,
sothoryos_obsidian_brick,got:sothoryos_obsidian_bricks,Obsidian Sothoryos Brick,masonry,stairs;slab;wall,got:block/sothoryos_obsidian_bricks,got:block/sothoryos_obsidian_bricks,stairs_sothoryos_brick_obsidian,sothoryos_obsidian_brick_slab,sothoryos_obsidian_brick_wall,,,,,,Obsidian Sothoryos Brick Stairs,Obsidian Sothoryos Brick Slab,Obsidian Sothoryos Brick Wall,,,,,,,,,,,
yi_ti_brick,got:yi_ti_bricks,Yi Ti Brick,masonry,stairs;slab;wall,got:block/yi_ti_bricks,got:block/yi_ti_bricks,stairs_yi_ti_brick,yi_ti_brick_slab,yi_ti_brick_wall,,,,,,Yi Ti Brick Stairs,Yi Ti Brick Slab,Yi Ti Brick Wall,,,,,,,,,,,
cracked_yi_ti_brick,got:cracked_yi_ti_bricks,Cracked Yi Ti Brick,masonry,stairs;slab;wall,got:block/cracked_yi_ti_bricks,got:block/cracked_yi_ti_bricks,stairs_yi_ti_brick_cracked,cracked_yi_ti_brick_slab,cracked_yi_ti_brick_wall,,,,,,Cracked Yi Ti Brick Stairs,Cracked Yi Ti Brick Slab,Cracked Yi Ti Brick Wall,,,,,,,,,,,
flowery_yi_ti_brick,got:yi_ti_flowers_bricks,Flowery Yi Ti Brick,masonry,stairs;slab;wall,got:block/yi_ti_flowers_bricks,got:block/yi_ti_flowers_bricks,stairs_yi_ti_brick_flowers,flowery_yi_ti_brick_slab,flowery_yi_ti_brick_wall,,,,,,Flowery Yi Ti Brick Stairs,Flowery Yi Ti Brick Slab,Flowery Yi Ti Brick Wall,,,,,,,,,,,
mossy_yi_ti_brick,got:mossy_yi_ti_bricks,Mossy Yi Ti Brick,masonry,stairs;slab;wall,got:block/mossy_yi_ti_bricks,got:block/mossy_yi_ti_bricks,stairs_yi_ti_brick_mossy,mossy_yi_ti_brick_slab,mossy_yi_ti_brick_wall,,,,,,Mossy Yi Ti Brick Stairs,Mossy Yi Ti Brick Slab,Mossy Yi Ti Brick Wall,,,,,,,,,,,
granite_yi_ti_brick,got:yi_ti_granite_bricks,Granite Yi Ti Brick,masonry,stairs;slab;wall,got:block/yi_ti_granite_bricks,got:block/yi_ti_granite_bricks,stairs_yi_ti_brick_red,granite_yi_ti_brick_slab,granite_yi_ti_brick_wall,,,,,,Granite Yi Ti Brick Stairs,Granite Yi Ti Brick Slab,Granite Yi Ti Brick Wall,,,,,,,,,,,
cracked_brick,got:cracked_red_bricks,Cracked Brick,masonry,stairs;slab;wall,got:block/cracked_red_bricks,got:block/cracked_red_bricks,stairs_brick_cracked,cracked_brick_slab,cracked_brick_wall,,,,,,Cracked Brick Stairs,Cracked Brick Slab,Cracked Brick Wall,,,,,,,,,,,
mossy_brick,got:mossy_red_bricks,Mossy Brick,masonry,stairs;slab;wall,got:block/mossy_red_bricks,got:block/mossy_red_bricks,stairs_brick_mossy,mossy_brick_slab,mossy_brick_wall,,,,,,Mossy Brick Stairs,Mossy Brick Slab,Mossy Brick Wall,,,,,,,,,,,
cracked_stone_brick,minecraft:cracked_stone_bricks,Cracked Stone Brick,masonry,stairs;slab;wall,minecraft:block/cracked_stone_bricks,minecraft:block/cracked_stone_bricks,stairs_stone_brick_cracked,cracked_stone_brick_slab,cracked_stone_brick_wall,,,,,,Cracked Stone Brick Stairs,Cracked Stone Brick Slab,Cracked Stone Brick Wall,,,,,,,,,,,
raw_basalt,got:basalt,Basalt,masonry,stairs;slab;wall,got:block/rock_basalt_side,got:block/basalt,stairs_basalt,basalt_slab,basalt_wall,,,,,,Basalt Stairs,Basalt Slab,Basalt Wall,,,,,,,,,,,
raw_andesite,minecraft:andesite,Andesite,masonry,stairs;slab;wall,minecraft:block/andesite,minecraft:block/andesite,stairs_andesite,andesite_slab,andesite_wall,,,,,,Andesite Stairs,Andesite Slab,Andesite Wall,,,,,,,,,,,
raw_rhyolite,got:rhyolite,Rhyolite,masonry,stairs;slab;wall,got:block/rock_rhyolite,got:block/rhyolite,stairs_rhyolite,rhyolite_slab,rhyolite_wall,,,,,,Rhyolite Stairs,Rhyolite Slab,Rhyolite Wall,,,,,,,,,,,
raw_diorite,minecraft:diorite,Diorite,masonry,stairs;slab;wall,minecraft:block/diorite,minecraft:block/diorite,stairs_diorite,diorite_slab,diorite_wall,,,,,,Diorite Stairs,Diorite Slab,Diorite Wall,,,,,,,,,,,
raw_granite,minecraft:granite,Granite,masonry,stairs;slab;wall,minecraft:block/granite,minecraft:block/granite,stairs_granite,granite_slab,granite_wall,,,,,,Granite Stairs,Granite Slab,Granite Wall,,,,,,,,,,,
raw_marble,got:marble,Marble,masonry,stairs;slab;wall,got:block/rock_chalk,got:block/marble,stairs_chalk,marble_slab,marble_wall,,,,,,Marble Stairs,Marble Slab,Marble Wall,,,,,,,,,,,
raw_labradorite,got:labradorite,Labradorite,masonry,stairs;slab;wall,got:block/rock_labradorite,got:block/labradorite,stairs_labradorite,labradorite_slab,labradorite_wall,,,,,,Labradorite Stairs,Labradorite Slab,Labradorite Wall,,,,,,,,,,,
bone,got:bone_block,Bone,masonry,stairs;slab;wall,got:block/bone_block,got:block/bone_block,stairs_bone,bone_slab,bone_wall,,,,,,Bone Stairs,Bone Slab,Bone Wall,,,,,,,,,,,
scorched_stone,got:scorched_stone,Scorched Stone,masonry,stairs;slab;wall,got:block/scorched_stone,got:block/scorched_stone,stairs_scorched_stone,scorched_stone_slab,scorched_wall,,,,,,Scorched Stone Stairs,Scorched Stone Slab,Scorched Stone Wall,,,,,,,,,,,
white_sandstone,got:white_sandstone,White Sandstone,masonry,stairs;slab;wall,got:block/white_sandstone,got:block/white_sandstone,stairs_white_sandstone,white_sandstone_slab,white_sandstone_wall,,,,,,White Sandstone Stairs,White Sandstone Slab,White Sandstone Wall,,,,,,,,,,,
clay_tile,got:terracotta_roof_tiles,Clay Tiling,masonry,stairs;slab;wall,got:block/terracotta_roof_tiles,got:block/terracotta_roof_tiles,stairs_clay_tile,clay_tile_slab,clay_tile_wall,,,,,,Clay Tiling Stairs,Clay Tiling Slab,Clay Tiling Wall,,,,,,,,,,,
white_clay_tile,got:white_terracotta_roof_tiles,White Clay Tiling,masonry,stairs;slab;wall,got:block/white_terracotta_roof_tiles,got:block/white_terracotta_roof_tiles,stairs_clay_tile_dyed_white,white_clay_tile_slab,white_clay_tile_wall,,,,,,White Clay Tiling Stairs,White Clay Tiling Slab,White Clay Tiling Wall,,,,,,,,,,,
orange_clay_tile,got:orange_terracotta_roof_tiles,Orange Clay Tiling,masonry,stairs;slab;wall,got:block/orange_terracotta_roof_tiles,got:block/orange_terracotta_roof_tiles,stairs_clay_tile_dyed_orange,orange_clay_tile_slab,orange_clay_tile_wall,,,,,,Orange Clay Tiling Stairs,Orange Clay Tiling Slab,Orange Clay Tiling Wall,,,,,,,,,,,
magenta_clay_tile,got:magenta_terracotta_roof_tiles,Magenta Clay Tiling,masonry,stairs;slab;wall,got:block/magenta_terracotta_roof_tiles,got:block/magenta_terracotta_roof_tiles,stairs_clay_tile_dyed_magenta,magenta_clay_tile_slab,magenta_clay_tile_wall,,,,,,Magenta Clay Tiling Stairs,Magenta Clay Tiling Slab,Magenta Clay Tiling Wall,,,,,,,,,,,
light_blue_clay_tile,got:light_blue_terracotta_roof_tiles,Light Blue Clay Tiling,masonry,stairs;slab;wall,got:block/light_blue_terracotta_roof_tiles,got:block/light_blue_terracotta_roof_tiles,stairs_clay_tile_dyed_light_blue,light_blue_clay_tile_slab,light_blue_clay_tile_wall,,,,,,Light Blue Clay Tiling Stairs,Light Blue Clay Tiling Slab,Light Blue Clay Tiling Wall,,,,,,,,,,,
yellow_clay_tile,got:yellow_terracotta_roof_tiles,Yellow Clay Tiling,masonry,stairs;slab;wall,got:block/yellow_terracotta_roof_tiles,got:block/yellow_terracotta_roof_tiles,stairs_clay_tile_dyed_yellow,yellow_clay_tile_slab,yellow_clay_tile_wall,,,,,,Yellow Clay Tiling Stairs,Yellow Clay Tiling Slab,Yellow Clay Tiling Wall,,,,,,,,,,,
lime_clay_tile,got:lime_terracotta_roof_tiles,Lime Clay Tiling,masonry,stairs;slab;wall,got:block/lime_terracotta_roof_tiles,got:block/lime_terracotta_roof_tiles,stairs_clay_tile_dyed_lime,lime_clay_tile_slab,lime_clay_tile_wall,,,,,,Lime Clay Tiling Stairs,Lime Clay Tiling Slab,Lime Clay Tiling Wall,,,,,,,,,,,
pink_clay_tile,got:pink_terracotta_roof_tiles,Pink Clay Tiling,masonry,stairs;slab;wall,got:block/pink_terracotta_roof_tiles,got:block/pink_terracotta_roof_tiles,stairs_clay_tile_dyed_pink,pink_clay_tile_slab,pink_clay_tile_wall,,,,,,Pink Clay Tiling Stairs,Pink Clay Tiling Slab,Pink Clay Tiling Wall,,,,,,,,,,,
gray_clay_tile,got:gray_terracotta_roof_tiles,Gray Clay Tiling,masonry,stairs;slab;wall,got:block/gray_terracotta_roof_tiles,got:block/gray_terracotta_roof_tiles,stairs_clay_tile_dyed_gray,gray_clay_tile_slab,gray_clay_tile_wall,,,,,,Gray Clay Tiling Stairs,Gray Clay Tiling Slab,Gray Clay Tiling Wall,,,,,,,,,,,
light_gray_clay_tile,got:silver_terracotta_roof_tiles,Light Gray Clay Tiling,masonry,stairs;slab;wall,got:block/silver_terracotta_roof_tiles,got:block/silver_terracotta_roof_tiles,stairs_clay_tile_dyed_light_gray,light_gray_clay_tile_slab,light_gray_clay_tile_wall,,,,,,Light Gray Clay Tiling Stairs,Light Gray Clay Tiling Slab,Light Gray Clay Tiling Wall,,,,,,,,,,,
cyan_clay_tile,got:cyan_terracotta_roof_tiles,Cyan Clay Tiling,masonry,stairs;slab;wall,got:block/cyan_terracotta_roof_tiles,got:block/cyan_terracotta_roof_tiles,stairs_clay_tile_dyed_cyan,cyan_clay_tile_slab,cyan_clay_tile_wall,,,,,,Cyan Clay Tiling Stairs,Cyan Clay Tiling Slab,Cyan Clay Tiling Wall,,,,,,,,,,,
purple_clay_tile,got:purple_terracotta_roof_tiles,Purple Clay Tiling,masonry,stairs;slab;wall,got:block/purple_terracotta_roof_tiles,got:block/purple_terracotta_roof_tiles,stairs_clay_tile_dyed_purple,purple_clay_tile_slab,purple_clay_tile_wall,,,,,,Purple Clay Tiling Stairs,Purple Clay Tiling Slab,Purple Clay Tiling Wall,,,,,,,,,,,
blue_clay_tile,got:blue_terracotta_roof_tiles,Blue Clay Tiling,masonry,stairs;slab;wall,got:block/blue_terracotta_roof_tiles,got:block/blue_terracotta_roof_tiles,stairs_clay_tile_dyed_blue,blue_clay_tile_slab,blue_clay_tile_wall,,,,,,Blue Clay Tiling Stairs,Blue Clay Tiling Slab,Blue Clay Tiling Wall,,,,,,,,,,,
brown_clay_tile,got:brown_terracotta_roof_tiles,Brown Clay Tiling,masonry,stairs;slab;wall,got:block/brown_terracotta_roof_tiles,got:block/brown_terracotta_roof_tiles,stairs_clay_tile_dyed_brown,brown_clay_tile_slab,brown_clay_tile_wall,,,,,,Brown Clay Tiling Stairs,Brown Clay Tiling Slab,Brown Clay Tiling Wall,,,,,,,,,,,
green_clay_tile,got:green_terracotta_roof_tiles,Green Clay Tiling,masonry,stairs;slab;wall,got:block/green_terracotta_roof_tiles,got:block/green_terracotta_roof_tiles,stairs_clay_tile_dyed_green,green_clay_tile_slab,green_clay_tile_wall,,,,,,Green Clay Tiling Stairs,Green Clay Tiling Slab,Green Clay Tiling Wall,,,,,,,,,,,
red_clay_tile,got:red_terracotta_roof_tiles,Red Clay Tiling,masonry,stairs;slab;wall,got:block/red_terracotta_roof_tiles,got:block/red_terracotta_roof_tiles,stairs_clay_tile_dyed_red,red_clay_tile_slab,red_clay_tile_wall,,,,,,Red Clay Tiling Stairs,Red Clay Tiling Slab,Red Clay Tiling Wall,,,,,,,,,,,
black_clay_tile,got:black_terracotta_roof_tiles,Black Clay Tiling,masonry,stairs;slab;wall,got:block/black_terracotta_roof_tiles,got:block/black_terracotta_roof_tiles,stairs_clay_tile_dyed_black,black_clay_tile_slab,black_clay_tile_wall,,,,,,Black Clay Tiling Stairs,Black Clay Tiling Slab,Black Clay Tiling Wall,,,,,,,,,,,
thatch,got:thatch_thatch,Thatch,thatch,stairs;slab,got:block/thatch_thatch,got:block/thatch_thatch,stairs_thatch,thatch_slab,,,,,,,Thatch Stairs,Thatch Slab,,,,,,,,,,,,
reed,got:thatch_reed,Reed,thatch,stairs;slab,got:block/thatch_reed,got:block/thatch_reed,stairs_reed,reed_slab,,,,,,,Reed Stairs,Reed Slab,,,,,,,,,,,,
smooth_basalt,got:smooth_basalt,Smooth Basalt,masonry,slab,got:block/smooth_stone_basalt_side,got:block/smooth_basalt,,smooth_basalt_slab,,,,,,,,Smooth Basalt Slab,,,,,,,,,,,,
smooth_andesite,got:smooth_andesite,Smooth Andesite,masonry,slab,got:block/smooth_stone_andesite_side,got:block/smooth_andesite,,smooth_andesite_slab,,,,,,,,Smooth Andesite Slab,,,,,,,,,,,,
smooth_rhyolite,got:smooth_rhyolite,Smooth Rhyolite,masonry,slab,got:block/smooth_stone_rhyolite_side,got:block/smooth_rhyolite,,smooth_rhyolite_slab,,,,,,,,Smooth Rhyolite Slab,,,,,,,,,,,,
smooth_diorite,got:smooth_diorite,Smooth Diorite,masonry,slab,got:block/smooth_stone_diorite_side,got:block/smooth_diorite,,smooth_diorite_slab,,,,,,,,Smooth Diorite Slab,,,,,,,,,,,,
smooth_granite,got:smooth_granite,Smooth Granite,masonry,slab,got:block/smooth_stone_granite_side,got:block/smooth_granite,,smooth_granite_slab,,,,,,,,Smooth Granite Slab,,,,,,,,,,,,
smooth_marble,got:smooth_marble,Smooth Marble,masonry,slab,got:block/smooth_stone_chalk_side,got:block/smooth_marble,,smooth_marble_slab,,,,,,,,Smooth Marble Slab,,,,,,,,,,,,
smooth_labradorite,got:smooth_labradorite,Smooth Labradorite,masonry,slab,got:block/smooth_stone_labradorite_side,got:block/smooth_labradorite,,smooth_labradorite_slab,,,,,,,,Smooth Labradorite Slab,,,,,,,,,,,,
diorite_pillar,got:diorite_pillar,Diorite Pillar,masonry,slab,got:block/pillar1_diorite_side,got:block/diorite_pillar,,diorite_pillar_slab,,,,,,,,Diorite Pillar Slab,,,,,,,,,,,,
granite_pillar,got:granite_pillar,Granite Pillar,masonry,slab,got:block/pillar1_granite_side,got:block/granite_pillar,,granite_pillar_slab,,,,,,,,Granite Pillar Slab,,,,,,,,,,,,
sandstone_pillar,got:sandstone_pillar,Sandstone Pillar,masonry,slab,got:block/pillar1_sandstone_side,got:block/sandstone_pillar,,sandstone_pillar_slab,,,,,,,,Sandstone Pillar Slab,,,,,,,,,,,,
andesite_pillar,got:andesite_pillar,Andesite Pillar,masonry,slab,got:block/pillar1_andesite_side,got:block/andesite_pillar,,andesite_pillar_slab,,,,,,,,Andesite Pillar Slab,,,,,,,,,,,,
asshai_basalt_pillar,got:asshai_basalt_pillar,Asshai Basalt Pillar,masonry,slab,got:block/pillar1_basalt_side,got:block/asshai_basalt_pillar,,asshai_basalt_pillar_slab,,,,,,,,Asshai Basalt Pillar Slab,,,,,,,,,,,,
rhyolite_pillar,got:rhyolite_pillar,Rhyolite Pillar,masonry,slab,got:block/pillar1_rhyolite_side,got:block/rhyolite_pillar,,rhyolite_pillar_slab,,,,,,,,Rhyolite Pillar Slab,,,,,,,,,,,,
basalt_pillar,got:basalt_pillar,Basalt Pillar,masonry,slab,got:block/pillar1_basalt_westeros_side,got:block/basalt_pillar,,basalt_pillar_slab,,,,,,,,Basalt Pillar Slab,,,,,,,,,,,,
sothoryos_pillar,got:sothoryos_pillar,Sothoryos Pillar,masonry,slab,got:block/pillar1_sothoryos_side,got:block/sothoryos_pillar,,sothoryos_pillar_slab,,,,,,,,Sothoryos Pillar Slab,,,,,,,,,,,,
red_sandstone_pillar,got:red_sandstone_pillar,Red Sandstone Pillar,masonry,slab,got:block/pillar1_sandstone_red_side,got:block/red_sandstone_pillar,,red_sandstone_pillar_slab,,,,,,,,Red Sandstone Pillar Slab,,,,,,,,,,,,
labradorite_pillar,got:labradorite_pillar,Labradorite Pillar,masonry,slab,got:block/pillar2_labradorite_side,got:block/labradorite_pillar,,labradorite_pillar_slab,,,,,,,,Labradorite Pillar Slab,,,,,,,,,,,,
marble_pillar,got:marble_pillar,Marble Pillar,masonry,slab,got:block/pillar2_chalk_side,got:block/marble_pillar,,marble_pillar_slab,,,,,,,,Marble Pillar Slab,,,,,,,,,,,,
stone_pillar,got:stone_pillar,Stone Pillar,masonry,slab,got:block/pillar2_stone_side,got:block/stone_pillar,,stone_pillar_slab,,,,,,,,Stone Pillar Slab,,,,,,,,,,,,
brick_pillar,got:brick_pillar,Brick Pillar,masonry,slab,got:block/pillar2_brick_side,got:block/brick_pillar,,brick_pillar_slab,,,,,,,,Brick Pillar Slab,,,,,,,,,,,,
yi_ti_pillar,got:yi_ti_pillar,Yi Ti Pillar,masonry,slab,got:block/pillar2_yi_ti_side,got:block/yi_ti_pillar,,yi_ti_pillar_slab,,,,,,,,Yi Ti Pillar Slab,,,,,,,,,,,,
yi_ti_granite_pillar,got:yi_ti_granite_pillar,Granite Yi Ti Pillar,masonry,slab,got:block/pillar2_yi_ti_red_side,got:block/yi_ti_granite_pillar,,yi_ti_granite_pillar_slab,,,,,,,,Granite Yi Ti Pillar Slab,,,,,,,,,,,,
sothoryos_gold_pillar,got:sothoryos_gold_pillar,Golden Sothoryos Pillar,masonry,slab,got:block/pillar2_sothoryos_gold_side,got:block/sothoryos_gold_pillar,,sothoryos_gold_pillar_slab,,,,,,,,Golden Sothoryos Pillar Slab,,,,,,,,,,,,
sothoryos_obsidian_pillar,got:sothoryos_obsidian_pillar,Obsidian Sothoryos Pillar,masonry,slab,got:block/pillar2_sothoryos_obsidian_side,got:block/sothoryos_obsidian_pillar,,sothoryos_obsidian_pillar_slab,,,,,,,,Obsidian Sothoryos Pillar Slab,,,,,,,,,,,,
dirt,minecraft:dirt,Dirt,earth,slab,minecraft:block/dirt,minecraft:block/dirt,,dirt_slab,,,,,,,,Dirt Slab,,,,,,,,,,,,
dirt_path,minecraft:dirt_path,Dirt Path,earth,slab,minecraft:block/dirt_path,minecraft:block/dirt_path,,dirt_path_slab,,,,,,,,Dirt Path Slab,,,,,,,,,,,,
jungle_mud,got:jungle_mud,Jungle Mud,earth,slab,got:block/mud,got:block/jungle_mud,,jungle_mud_slab,,,,,,,,Jungle Mud Slab,,,,,,,,,,,,
asshai_dirt,got:asshai_dirt,Asshai Dirt,earth,slab,got:block/asshai_dirt,got:block/asshai_dirt,,asshai_dirt_slab,,,,,,,,Asshai Dirt Slab,,,,,,,,,,,,
jungle_mud_path,got:jungle_mud_path,Jungle Mud Path,earth,slab,got:block/dirt_path_mud,got:block/jungle_mud_path,,jungle_mud_path_slab,,,,,,,,Jungle Mud Path Slab,,,,,,,,,,,,
bruschatka,got:bruschatka,Bruschatka,earth,slab,got:block/dirt_path_brus,got:block/bruschatka,,bruschatka_slab,,,,,,,,Bruschatka Slab,,,,,,,,,,,,
gravel,minecraft:gravel,Gravel,earth,slab,minecraft:block/gravel,minecraft:block/gravel,,gravel_slab,,,,,,,,Gravel Slab,,,,,,,,,,,,
asshai_gravel,got:basalt_gravel,Asshai Gravel,earth,slab,got:block/basalt_gravel,got:block/basalt_gravel,,asshai_gravel_slab,,,,,,,,Asshai Gravel Slab,,,,,,,,,,,,
obsidian_gravel,got:obsidian_gravel,Obsidian Gravel,earth,slab,got:block/obsidian_gravel,got:block/obsidian_gravel,,obsidian_gravel_slab,,,,,,,,Obsidian Gravel Slab,,,,,,,,,,,,
sand,minecraft:sand,Sand,earth,slab,minecraft:block/sand,minecraft:block/sand,,sand_slab,,,,,,,,Sand Slab,,,,,,,,,,,,
red_sand,minecraft:red_sand,Red Sand,earth,slab,minecraft:block/red_sand,minecraft:block/red_sand,,red_sand_slab,,,,,,,,Red Sand Slab,,,,,,,,,,,,
white_sand,got:white_sand,White Sand,earth,slab,got:block/white_sand,got:block/white_sand,,white_sand_slab,,,,,,,,White Sand Slab,,,,,,,,,,,,
stone,minecraft:stone,Stone,masonry,wall,minecraft:block/stone,minecraft:block/stone,,,stone_wall,,,,,,,,Stone Wall,,,,,,,,,,,
